<productinfo xmlns:xsi="http://www.w3.org/2001/XMLSchema-instance" 
    xsi:noNamespaceSchemaLocation="optional">
    <?xml-stylesheet type="text/xsl"href="optional"?>
    <!-- info.xml file for the MATLAB Mobile application -->
    <!-- Version 1.3 -->
    <!-- Copyright 2012 The MathWorks, Inc.-->
    
    <matlabrelease>2012a</matlabrelease>
    <name>MATLAB Mobile</name>
    <type>matlab</type>
    <icon></icon>
    <help_location>html</help_location>
    <help_contents_icon>$toolbox/matlab/icons/book_mat.gif</help_contents_icon>
    
</productinfo>