<?xml version="1.0" encoding="UTF-8" ?>
<rsccat version="1.0" locale="en_US" product="MATLAB">
    <message>
        <entry key="DependentFunctionNotSupported">Unable to run the '{0}' command because it calls the '{1}' command, which is not supported on this platform.</entry>
        <entry key="FunctionNotSupported">Unable to run the '{0}' command, because it is not supported on this platform.</entry>
        <entry key="FunctionArgumentsNotSupported">The '{0}' command is not supported on this platform using these arguments: '{1}'</entry>
        <entry key="UnsupportedURI">URI specified. Not opening a browser.</entry>
        <entry key="NoAvailableUntitledName">Unable to pick an available untitled filename.</entry>
    </message>
</rsccat>