<?xml version="1.0" encoding="UTF-8" ?>
<!-- Copyright 2011 The MathWorks, Inc. -->
<rsccat version="1.0" locale="en_US" product="MATLAB">
    <message>
		<entry key="InvalidParseValue">Invalid {0} identifier: {1} {2}</entry>
		<entry key="UnsupportedDataType">Unsupported data type: {0}</entry>
        <entry key="DependentFunctionNotSupported">Unable to run the ''{0}'' command because it calls the ''{1}'' command, which is not supported on this platform.</entry>
        <entry key="FunctionNotSupported">Unable to run the ''{0}'' command, because it is not supported on this platform.</entry>
        <entry key="FunctionArgumentsNotSupported">The ''{0}'' command is not supported on this platform using these arguments: ''{1}''</entry>
        <entry key="UnsupportedURI">URI specified. Not opening a browser.</entry>
        <entry key="NoAvailableUntitledName">Unable to pick an available untitled filename.</entry>
		<entry key="ParseEmptyValue">Parsed an empty value: {0}</entry>
		<entry key="ParseEmptyName">Can not have an empty name: {0}</entry>
		<entry key="MissingColon">Missing colon in name value pair: {0}</entry>
    </message>
</rsccat>